{"tileSize":16,"mapWidth":43,"mapHeight":21,"layers":[{"name":"caracter","tiles":[{"id":"0","x":9,"y":18},{"id":"1","x":10,"y":18},{"id":"2","x":11,"y":18},{"id":"3","x":1,"y":13},{"id":"4","x":2,"y":9},{"id":"5","x":3,"y":9},{"id":"3","x":3,"y":9},{"id":"6","x":5,"y":3},{"id":"6","x":7,"y":2},{"id":"6","x":8,"y":2},{"id":"7","x":2,"y":5},{"id":"4","x":5,"y":4},{"id":"6","x":4,"y":4},{"id":"8","x":2,"y":6}],"collider":false},{"name":"object","tiles":[{"id":"9","x":5,"y":4},{"id":"9","x":5,"y":3},{"id":"10","x":3,"y":4},{"id":"10","x":3,"y":3},{"id":"11","x":4,"y":3},{"id":"12","x":4,"y":4},{"id":"12","x":14,"y":4},{"id":"11","x":13,"y":3},{"id":"12","x":13,"y":4},{"id":"11","x":23,"y":3},{"id":"11","x":24,"y":3},{"id":"12","x":24,"y":4},{"id":"11","x":38,"y":3},{"id":"12","x":38,"y":4},{"id":"11","x":39,"y":3},{"id":"13","x":39,"y":4},{"id":"13","x":23,"y":4},{"id":"11","x":14,"y":3},{"id":"14","x":39,"y":5},{"id":"15","x":39,"y":6},{"id":"16","x":21,"y":13},{"id":"17","x":22,"y":13},{"id":"18","x":23,"y":13},{"id":"19","x":3,"y":12},{"id":"20","x":4,"y":12},{"id":"19","x":2,"y":2},{"id":"20","x":3,"y":2},{"id":"21","x":15,"y":2},{"id":"22","x":16,"y":2},{"id":"19","x":17,"y":2},{"id":"20","x":18,"y":2},{"id":"21","x":36,"y":12},{"id":"22","x":37,"y":12},{"id":"19","x":38,"y":12},{"id":"20","x":39,"y":12},{"id":"21","x":38,"y":2},{"id":"22","x":39,"y":2},{"id":"23","x":7,"y":6},{"id":"24","x":8,"y":6},{"id":"25","x":9,"y":6},{"id":"23","x":19,"y":6},{"id":"24","x":20,"y":6},{"id":"25","x":21,"y":6},{"id":"23","x":15,"y":15},{"id":"24","x":16,"y":15},{"id":"25","x":17,"y":15},{"id":"23","x":30,"y":16},{"id":"24","x":31,"y":16},{"id":"25","x":32,"y":16},{"id":"23","x":31,"y":6},{"id":"24","x":32,"y":6},{"id":"25","x":33,"y":6},{"id":"26","x":4,"y":6},{"id":"26","x":35,"y":6},{"id":"27","x":3,"y":14},{"id":"28","x":3,"y":15},{"id":"28","x":38,"y":16},{"id":"28","x":38,"y":15},{"id":"28","x":39,"y":15},{"id":"28","x":37,"y":16},{"id":"29","x":37,"y":15},{"id":"29","x":39,"y":14},{"id":"30","x":9,"y":18},{"id":"30","x":10,"y":18},{"id":"31","x":25,"y":11},{"id":"31","x":23,"y":9},{"id":"31","x":25,"y":7},{"id":"31","x":24,"y":7},{"id":"31","x":26,"y":11},{"id":"17","x":10,"y":16},{"id":"17","x":9,"y":16},{"id":"17","x":11,"y":16},{"id":"32","x":11,"y":18},{"id":"33","x":12,"y":8},{"id":"34","x":13,"y":8},{"id":"35","x":14,"y":8},{"id":"36","x":6,"y":12},{"id":"36","x":12,"y":2},{"id":"37","x":28,"y":12},{"id":"38","x":29,"y":12},{"id":"39","x":30,"y":12},{"id":"40","x":19,"y":12},{"id":"41","x":19,"y":13}],"collider":true},{"name":"Backgruond","tiles":[{"id":"42","x":2,"y":2},{"id":"43","x":3,"y":2},{"id":"44","x":4,"y":2},{"id":"45","x":5,"y":2},{"id":"46","x":2,"y":3},{"id":"47","x":3,"y":3},{"id":"48","x":4,"y":3},{"id":"49","x":5,"y":3},{"id":"50","x":2,"y":4},{"id":"51","x":3,"y":4},{"id":"52","x":4,"y":4},{"id":"10","x":5,"y":4},{"id":"53","x":2,"y":5},{"id":"54","x":3,"y":5},{"id":"55","x":4,"y":5},{"id":"13","x":5,"y":5},{"id":"56","x":2,"y":6},{"id":"57","x":6,"y":2},{"id":"42","x":7,"y":2},{"id":"43","x":8,"y":2},{"id":"44","x":9,"y":2},{"id":"45","x":10,"y":2},{"id":"58","x":6,"y":3},{"id":"46","x":7,"y":3},{"id":"47","x":8,"y":3},{"id":"48","x":9,"y":3},{"id":"49","x":10,"y":3},{"id":"59","x":6,"y":4},{"id":"50","x":7,"y":4},{"id":"51","x":8,"y":4},{"id":"52","x":9,"y":4},{"id":"10","x":10,"y":4},{"id":"60","x":6,"y":5},{"id":"53","x":7,"y":5},{"id":"54","x":8,"y":5},{"id":"55","x":9,"y":5},{"id":"13","x":10,"y":5},{"id":"61","x":6,"y":6},{"id":"56","x":7,"y":6},{"id":"62","x":8,"y":6},{"id":"63","x":9,"y":6},{"id":"64","x":10,"y":6},{"id":"57","x":11,"y":2},{"id":"42","x":12,"y":2},{"id":"43","x":13,"y":2},{"id":"44","x":14,"y":2},{"id":"45","x":15,"y":2},{"id":"58","x":11,"y":3},{"id":"46","x":12,"y":3},{"id":"47","x":13,"y":3},{"id":"48","x":14,"y":3},{"id":"49","x":15,"y":3},{"id":"59","x":11,"y":4},{"id":"50","x":12,"y":4},{"id":"60","x":11,"y":5},{"id":"53","x":12,"y":5},{"id":"54","x":13,"y":5},{"id":"55","x":14,"y":5},{"id":"13","x":15,"y":5},{"id":"61","x":11,"y":6},{"id":"56","x":12,"y":6},{"id":"62","x":13,"y":6},{"id":"63","x":14,"y":6},{"id":"64","x":15,"y":6},{"id":"57","x":16,"y":2},{"id":"42","x":17,"y":2},{"id":"43","x":18,"y":2},{"id":"44","x":19,"y":2},{"id":"45","x":20,"y":2},{"id":"58","x":16,"y":3},{"id":"46","x":17,"y":3},{"id":"47","x":18,"y":3},{"id":"48","x":19,"y":3},{"id":"49","x":20,"y":3},{"id":"59","x":16,"y":4},{"id":"50","x":17,"y":4},{"id":"51","x":18,"y":4},{"id":"52","x":19,"y":4},{"id":"10","x":20,"y":4},{"id":"60","x":16,"y":5},{"id":"53","x":17,"y":5},{"id":"54","x":18,"y":5},{"id":"55","x":19,"y":5},{"id":"13","x":20,"y":5},{"id":"63","x":19,"y":6},{"id":"64","x":20,"y":6},{"id":"57","x":21,"y":2},{"id":"42","x":22,"y":2},{"id":"43","x":23,"y":2},{"id":"44","x":24,"y":2},{"id":"45","x":25,"y":2},{"id":"58","x":21,"y":3},{"id":"46","x":22,"y":3},{"id":"47","x":23,"y":3},{"id":"48","x":24,"y":3},{"id":"49","x":25,"y":3},{"id":"59","x":21,"y":4},{"id":"50","x":22,"y":4},{"id":"51","x":23,"y":4},{"id":"52","x":24,"y":4},{"id":"10","x":25,"y":4},{"id":"60","x":21,"y":5},{"id":"53","x":22,"y":5},{"id":"54","x":23,"y":5},{"id":"55","x":24,"y":5},{"id":"13","x":25,"y":5},{"id":"61","x":21,"y":6},{"id":"56","x":22,"y":6},{"id":"62","x":23,"y":6},{"id":"63","x":24,"y":6},{"id":"64","x":25,"y":6},{"id":"57","x":26,"y":2},{"id":"42","x":27,"y":2},{"id":"43","x":28,"y":2},{"id":"44","x":29,"y":2},{"id":"45","x":30,"y":2},{"id":"58","x":26,"y":3},{"id":"46","x":27,"y":3},{"id":"47","x":28,"y":3},{"id":"48","x":29,"y":3},{"id":"49","x":30,"y":3},{"id":"59","x":26,"y":4},{"id":"50","x":27,"y":4},{"id":"51","x":28,"y":4},{"id":"52","x":29,"y":4},{"id":"10","x":30,"y":4},{"id":"60","x":26,"y":5},{"id":"53","x":27,"y":5},{"id":"54","x":28,"y":5},{"id":"55","x":29,"y":5},{"id":"13","x":30,"y":5},{"id":"61","x":26,"y":6},{"id":"56","x":27,"y":6},{"id":"62","x":28,"y":6},{"id":"63","x":29,"y":6},{"id":"64","x":30,"y":6},{"id":"57","x":31,"y":2},{"id":"42","x":32,"y":2},{"id":"43","x":33,"y":2},{"id":"44","x":34,"y":2},{"id":"45","x":35,"y":2},{"id":"58","x":31,"y":3},{"id":"46","x":32,"y":3},{"id":"47","x":33,"y":3},{"id":"48","x":34,"y":3},{"id":"49","x":35,"y":3},{"id":"59","x":31,"y":4},{"id":"50","x":32,"y":4},{"id":"51","x":33,"y":4},{"id":"52","x":34,"y":4},{"id":"10","x":35,"y":4},{"id":"60","x":31,"y":5},{"id":"53","x":32,"y":5},{"id":"54","x":33,"y":5},{"id":"55","x":34,"y":5},{"id":"13","x":35,"y":5},{"id":"61","x":31,"y":6},{"id":"56","x":32,"y":6},{"id":"62","x":33,"y":6},{"id":"63","x":34,"y":6},{"id":"64","x":35,"y":6},{"id":"57","x":36,"y":2},{"id":"42","x":37,"y":2},{"id":"43","x":38,"y":2},{"id":"44","x":39,"y":2},{"id":"58","x":36,"y":3},{"id":"46","x":37,"y":3},{"id":"47","x":38,"y":3},{"id":"48","x":39,"y":3},{"id":"59","x":36,"y":4},{"id":"50","x":37,"y":4},{"id":"51","x":38,"y":4},{"id":"52","x":39,"y":4},{"id":"60","x":36,"y":5},{"id":"53","x":37,"y":5},{"id":"54","x":38,"y":5},{"id":"55","x":39,"y":5},{"id":"61","x":36,"y":6},{"id":"56","x":37,"y":6},{"id":"62","x":38,"y":6},{"id":"63","x":39,"y":6},{"id":"65","x":2,"y":7},{"id":"65","x":5,"y":7},{"id":"65","x":9,"y":7},{"id":"65","x":7,"y":7},{"id":"65","x":8,"y":7},{"id":"65","x":6,"y":7},{"id":"65","x":4,"y":7},{"id":"65","x":3,"y":7},{"id":"65","x":16,"y":7},{"id":"65","x":17,"y":7},{"id":"65","x":18,"y":7},{"id":"65","x":19,"y":7},{"id":"65","x":20,"y":7},{"id":"65","x":29,"y":7},{"id":"65","x":30,"y":7},{"id":"65","x":31,"y":7},{"id":"65","x":32,"y":7},{"id":"65","x":33,"y":7},{"id":"65","x":34,"y":7},{"id":"65","x":36,"y":7},{"id":"65","x":37,"y":7},{"id":"65","x":38,"y":7},{"id":"65","x":39,"y":7},{"id":"65","x":40,"y":7},{"id":"65","x":35,"y":7},{"id":"9","x":14,"y":7},{"id":"66","x":15,"y":7},{"id":"67","x":11,"y":7},{"id":"65","x":10,"y":7},{"id":"68","x":13,"y":7},{"id":"9","x":12,"y":7},{"id":"56","x":17,"y":6},{"id":"62","x":18,"y":6},{"id":"61","x":16,"y":6},{"id":"64","x":5,"y":6},{"id":"63","x":4,"y":6},{"id":"62","x":3,"y":6},{"id":"66","x":28,"y":7},{"id":"69","x":28,"y":8},{"id":"67","x":21,"y":7},{"id":"70","x":21,"y":8},{"id":"71","x":1,"y":8},{"id":"71","x":2,"y":8},{"id":"71","x":3,"y":8},{"id":"71","x":4,"y":8},{"id":"71","x":5,"y":8},{"id":"71","x":6,"y":8},{"id":"71","x":7,"y":8},{"id":"71","x":8,"y":9},{"id":"71","x":9,"y":9},{"id":"71","x":10,"y":9},{"id":"71","x":10,"y":8},{"id":"71","x":9,"y":8},{"id":"71","x":8,"y":8},{"id":"71","x":7,"y":9},{"id":"71","x":6,"y":9},{"id":"71","x":5,"y":9},{"id":"71","x":4,"y":9},{"id":"71","x":3,"y":9},{"id":"71","x":2,"y":9},{"id":"71","x":1,"y":9},{"id":"70","x":11,"y":8},{"id":"69","x":15,"y":8},{"id":"72","x":16,"y":9},{"id":"72","x":16,"y":8},{"id":"72","x":17,"y":8},{"id":"72","x":18,"y":8},{"id":"72","x":19,"y":8},{"id":"72","x":20,"y":8},{"id":"72","x":20,"y":9},{"id":"72","x":19,"y":9},{"id":"72","x":18,"y":9},{"id":"72","x":17,"y":9},{"id":"72","x":33,"y":9},{"id":"72","x":34,"y":9},{"id":"72","x":35,"y":9},{"id":"72","x":36,"y":9},{"id":"72","x":37,"y":9},{"id":"72","x":38,"y":9},{"id":"72","x":39,"y":9},{"id":"72","x":39,"y":8},{"id":"72","x":38,"y":8},{"id":"72","x":37,"y":8},{"id":"72","x":32,"y":9},{"id":"72","x":31,"y":9},{"id":"72","x":30,"y":9},{"id":"72","x":29,"y":9},{"id":"72","x":29,"y":8},{"id":"72","x":30,"y":8},{"id":"72","x":31,"y":8},{"id":"72","x":32,"y":8},{"id":"72","x":33,"y":8},{"id":"72","x":34,"y":8},{"id":"72","x":35,"y":8},{"id":"72","x":36,"y":8},{"id":"10","x":15,"y":4},{"id":"52","x":14,"y":4},{"id":"51","x":13,"y":4},{"id":"73","x":2,"y":1},{"id":"73","x":3,"y":1},{"id":"73","x":4,"y":1},{"id":"73","x":5,"y":1},{"id":"73","x":6,"y":1},{"id":"73","x":7,"y":1},{"id":"73","x":8,"y":1},{"id":"73","x":9,"y":1},{"id":"73","x":10,"y":1},{"id":"73","x":11,"y":1},{"id":"73","x":12,"y":1},{"id":"73","x":13,"y":1},{"id":"73","x":14,"y":1},{"id":"73","x":15,"y":1},{"id":"73","x":16,"y":1},{"id":"73","x":17,"y":1},{"id":"73","x":18,"y":1},{"id":"73","x":19,"y":1},{"id":"73","x":20,"y":1},{"id":"74","x":40,"y":2},{"id":"74","x":40,"y":3},{"id":"74","x":40,"y":4},{"id":"74","x":40,"y":5},{"id":"74","x":40,"y":6},{"id":"75","x":1,"y":2},{"id":"75","x":1,"y":3},{"id":"75","x":1,"y":4},{"id":"75","x":1,"y":5},{"id":"75","x":1,"y":6},{"id":"73","x":1,"y":1},{"id":"73","x":40,"y":1},{"id":"72","x":10,"y":10},{"id":"72","x":9,"y":10},{"id":"72","x":8,"y":10},{"id":"72","x":7,"y":10},{"id":"72","x":6,"y":10},{"id":"72","x":5,"y":10},{"id":"72","x":4,"y":10},{"id":"72","x":3,"y":10},{"id":"72","x":2,"y":10},{"id":"72","x":1,"y":10},{"id":"72","x":1,"y":11},{"id":"72","x":1,"y":12},{"id":"72","x":1,"y":13},{"id":"72","x":1,"y":14},{"id":"72","x":0,"y":14},{"id":"72","x":0,"y":17},{"id":"72","x":0,"y":16},{"id":"72","x":0,"y":15},{"id":"72","x":1,"y":15},{"id":"72","x":1,"y":16},{"id":"72","x":1,"y":17},{"id":"72","x":2,"y":17},{"id":"72","x":3,"y":17},{"id":"72","x":4,"y":17},{"id":"72","x":5,"y":17},{"id":"72","x":6,"y":17},{"id":"72","x":7,"y":17},{"id":"72","x":13,"y":17},{"id":"72","x":14,"y":17},{"id":"72","x":15,"y":17},{"id":"72","x":16,"y":17},{"id":"72","x":17,"y":17},{"id":"72","x":18,"y":17},{"id":"72","x":19,"y":17},{"id":"72","x":20,"y":17},{"id":"72","x":25,"y":17},{"id":"72","x":26,"y":18},{"id":"72","x":27,"y":18},{"id":"72","x":28,"y":18},{"id":"72","x":29,"y":18},{"id":"72","x":30,"y":18},{"id":"72","x":31,"y":18},{"id":"72","x":39,"y":18},{"id":"72","x":40,"y":18},{"id":"72","x":40,"y":17},{"id":"72","x":41,"y":16},{"id":"72","x":41,"y":15},{"id":"72","x":41,"y":12},{"id":"72","x":41,"y":11},{"id":"72","x":41,"y":10},{"id":"72","x":41,"y":9},{"id":"72","x":40,"y":9},{"id":"72","x":40,"y":8},{"id":"72","x":29,"y":10},{"id":"72","x":30,"y":10},{"id":"72","x":31,"y":10},{"id":"72","x":32,"y":10},{"id":"72","x":33,"y":10},{"id":"72","x":34,"y":10},{"id":"72","x":35,"y":10},{"id":"72","x":36,"y":10},{"id":"72","x":37,"y":10},{"id":"72","x":38,"y":10},{"id":"72","x":39,"y":10},{"id":"72","x":40,"y":10},{"id":"72","x":40,"y":11},{"id":"72","x":40,"y":16},{"id":"72","x":39,"y":17},{"id":"72","x":2,"y":16},{"id":"72","x":21,"y":17},{"id":"72","x":22,"y":17},{"id":"72","x":23,"y":17},{"id":"72","x":24,"y":17},{"id":"72","x":2,"y":11},{"id":"72","x":0,"y":13},{"id":"72","x":0,"y":12},{"id":"72","x":0,"y":11},{"id":"72","x":0,"y":10},{"id":"72","x":0,"y":9},{"id":"72","x":0,"y":8},{"id":"72","x":0,"y":7},{"id":"71","x":0,"y":6},{"id":"71","x":0,"y":5},{"id":"71","x":0,"y":4},{"id":"71","x":0,"y":3},{"id":"71","x":0,"y":2},{"id":"71","x":0,"y":1},{"id":"71","x":0,"y":0},{"id":"71","x":1,"y":0},{"id":"71","x":2,"y":0},{"id":"71","x":3,"y":0},{"id":"71","x":4,"y":0},{"id":"71","x":5,"y":0},{"id":"71","x":6,"y":0},{"id":"71","x":7,"y":0},{"id":"71","x":8,"y":0},{"id":"71","x":9,"y":0},{"id":"71","x":10,"y":0},{"id":"71","x":11,"y":0},{"id":"71","x":12,"y":0},{"id":"71","x":13,"y":0},{"id":"71","x":14,"y":0},{"id":"71","x":15,"y":0},{"id":"71","x":16,"y":0},{"id":"71","x":17,"y":0},{"id":"71","x":18,"y":0},{"id":"71","x":19,"y":0},{"id":"71","x":20,"y":0},{"id":"73","x":39,"y":1},{"id":"73","x":38,"y":1},{"id":"73","x":37,"y":1},{"id":"73","x":36,"y":1},{"id":"73","x":35,"y":1},{"id":"73","x":34,"y":1},{"id":"73","x":33,"y":1},{"id":"73","x":32,"y":1},{"id":"73","x":31,"y":1},{"id":"73","x":30,"y":1},{"id":"73","x":29,"y":1},{"id":"73","x":28,"y":1},{"id":"71","x":21,"y":0},{"id":"71","x":22,"y":0},{"id":"71","x":23,"y":0},{"id":"71","x":24,"y":0},{"id":"71","x":25,"y":0},{"id":"71","x":26,"y":0},{"id":"71","x":27,"y":0},{"id":"71","x":28,"y":0},{"id":"71","x":29,"y":0},{"id":"71","x":30,"y":0},{"id":"71","x":31,"y":0},{"id":"71","x":32,"y":0},{"id":"71","x":33,"y":0},{"id":"71","x":34,"y":0},{"id":"71","x":35,"y":0},{"id":"71","x":36,"y":0},{"id":"71","x":37,"y":0},{"id":"71","x":38,"y":0},{"id":"71","x":39,"y":0},{"id":"71","x":40,"y":0},{"id":"71","x":41,"y":0},{"id":"71","x":41,"y":1},{"id":"71","x":41,"y":2},{"id":"71","x":41,"y":3},{"id":"71","x":42,"y":4},{"id":"71","x":42,"y":5},{"id":"71","x":42,"y":6},{"id":"71","x":42,"y":7},{"id":"71","x":41,"y":8},{"id":"71","x":41,"y":7},{"id":"71","x":41,"y":6},{"id":"71","x":41,"y":5},{"id":"71","x":41,"y":4},{"id":"71","x":42,"y":3},{"id":"71","x":42,"y":2},{"id":"71","x":42,"y":1},{"id":"71","x":42,"y":0},{"id":"73","x":21,"y":1},{"id":"73","x":22,"y":1},{"id":"73","x":23,"y":1},{"id":"73","x":24,"y":1},{"id":"73","x":25,"y":1},{"id":"73","x":26,"y":1},{"id":"73","x":27,"y":1},{"id":"76","x":21,"y":11},{"id":"69","x":28,"y":10},{"id":"69","x":28,"y":9},{"id":"70","x":21,"y":10},{"id":"77","x":16,"y":11},{"id":"77","x":17,"y":11},{"id":"77","x":18,"y":11},{"id":"77","x":19,"y":11},{"id":"77","x":20,"y":11},{"id":"77","x":10,"y":11},{"id":"77","x":9,"y":11},{"id":"77","x":8,"y":11},{"id":"77","x":7,"y":11},{"id":"77","x":6,"y":11},{"id":"77","x":5,"y":11},{"id":"77","x":4,"y":11},{"id":"77","x":3,"y":11},{"id":"77","x":29,"y":11},{"id":"77","x":30,"y":11},{"id":"77","x":31,"y":11},{"id":"77","x":32,"y":11},{"id":"77","x":33,"y":11},{"id":"77","x":34,"y":11},{"id":"77","x":35,"y":11},{"id":"77","x":36,"y":11},{"id":"77","x":37,"y":11},{"id":"77","x":38,"y":11},{"id":"77","x":39,"y":11},{"id":"72","x":16,"y":10},{"id":"72","x":17,"y":10},{"id":"72","x":18,"y":10},{"id":"72","x":19,"y":10},{"id":"72","x":20,"y":10},{"id":"70","x":21,"y":9},{"id":"78","x":28,"y":11},{"id":"70","x":2,"y":12},{"id":"70","x":2,"y":13},{"id":"70","x":2,"y":14},{"id":"70","x":2,"y":15},{"id":"66","x":39,"y":16},{"id":"69","x":40,"y":14},{"id":"69","x":40,"y":15},{"id":"69","x":40,"y":13},{"id":"69","x":40,"y":12},{"id":"67","x":25,"y":16},{"id":"65","x":3,"y":16},{"id":"65","x":4,"y":16},{"id":"65","x":5,"y":16},{"id":"65","x":6,"y":16},{"id":"65","x":7,"y":16},{"id":"65","x":13,"y":16},{"id":"65","x":14,"y":16},{"id":"65","x":15,"y":16},{"id":"65","x":16,"y":16},{"id":"65","x":17,"y":16},{"id":"65","x":18,"y":16},{"id":"65","x":19,"y":16},{"id":"65","x":20,"y":16},{"id":"65","x":21,"y":16},{"id":"65","x":22,"y":16},{"id":"65","x":23,"y":16},{"id":"65","x":24,"y":16},{"id":"65","x":26,"y":17},{"id":"65","x":27,"y":17},{"id":"65","x":28,"y":17},{"id":"65","x":29,"y":17},{"id":"65","x":30,"y":17},{"id":"65","x":31,"y":17},{"id":"65","x":32,"y":17},{"id":"65","x":38,"y":17},{"id":"65","x":37,"y":17},{"id":"65","x":36,"y":17},{"id":"65","x":35,"y":17},{"id":"65","x":34,"y":17},{"id":"65","x":33,"y":17},{"id":"72","x":32,"y":18},{"id":"72","x":33,"y":18},{"id":"72","x":34,"y":18},{"id":"72","x":35,"y":18},{"id":"72","x":36,"y":18},{"id":"72","x":37,"y":18},{"id":"72","x":38,"y":18},{"id":"72","x":41,"y":18},{"id":"72","x":41,"y":17},{"id":"72","x":25,"y":18},{"id":"72","x":24,"y":18},{"id":"72","x":23,"y":18},{"id":"72","x":22,"y":18},{"id":"72","x":21,"y":18},{"id":"72","x":20,"y":18},{"id":"72","x":19,"y":18},{"id":"72","x":18,"y":18},{"id":"72","x":17,"y":18},{"id":"72","x":16,"y":18},{"id":"72","x":15,"y":18},{"id":"72","x":14,"y":18},{"id":"72","x":13,"y":18},{"id":"72","x":7,"y":18},{"id":"72","x":6,"y":18},{"id":"72","x":5,"y":18},{"id":"72","x":4,"y":18},{"id":"72","x":3,"y":18},{"id":"72","x":2,"y":18},{"id":"72","x":1,"y":18},{"id":"72","x":0,"y":18},{"id":"72","x":42,"y":8},{"id":"72","x":42,"y":9},{"id":"72","x":42,"y":10},{"id":"72","x":42,"y":11},{"id":"72","x":42,"y":12},{"id":"72","x":41,"y":13},{"id":"72","x":41,"y":14},{"id":"72","x":42,"y":18},{"id":"72","x":42,"y":17},{"id":"72","x":42,"y":16},{"id":"72","x":42,"y":15},{"id":"72","x":42,"y":14},{"id":"72","x":42,"y":13},{"id":"54","x":3,"y":13},{"id":"55","x":4,"y":13},{"id":"62","x":3,"y":14},{"id":"63","x":4,"y":14},{"id":"64","x":5,"y":14},{"id":"79","x":3,"y":15},{"id":"80","x":4,"y":15},{"id":"81","x":5,"y":15},{"id":"54","x":8,"y":13},{"id":"55","x":9,"y":13},{"id":"13","x":10,"y":13},{"id":"62","x":8,"y":14},{"id":"63","x":9,"y":14},{"id":"64","x":10,"y":14},{"id":"79","x":8,"y":15},{"id":"80","x":9,"y":15},{"id":"81","x":10,"y":15},{"id":"54","x":13,"y":13},{"id":"55","x":14,"y":13},{"id":"13","x":15,"y":13},{"id":"62","x":13,"y":14},{"id":"63","x":14,"y":14},{"id":"64","x":15,"y":14},{"id":"79","x":13,"y":15},{"id":"80","x":14,"y":15},{"id":"81","x":15,"y":15},{"id":"55","x":19,"y":13},{"id":"13","x":20,"y":13},{"id":"62","x":18,"y":14},{"id":"63","x":19,"y":14},{"id":"64","x":20,"y":14},{"id":"79","x":18,"y":15},{"id":"80","x":19,"y":15},{"id":"81","x":20,"y":15},{"id":"54","x":23,"y":13},{"id":"55","x":24,"y":13},{"id":"13","x":25,"y":13},{"id":"62","x":23,"y":14},{"id":"63","x":24,"y":14},{"id":"64","x":25,"y":14},{"id":"79","x":23,"y":15},{"id":"80","x":24,"y":15},{"id":"81","x":25,"y":15},{"id":"55","x":29,"y":14},{"id":"13","x":30,"y":14},{"id":"63","x":29,"y":15},{"id":"64","x":30,"y":15},{"id":"79","x":28,"y":16},{"id":"80","x":29,"y":16},{"id":"81","x":30,"y":16},{"id":"54","x":33,"y":14},{"id":"55","x":34,"y":14},{"id":"13","x":35,"y":14},{"id":"63","x":34,"y":15},{"id":"64","x":35,"y":15},{"id":"80","x":34,"y":16},{"id":"81","x":35,"y":16},{"id":"54","x":37,"y":13},{"id":"55","x":38,"y":13},{"id":"13","x":39,"y":13},{"id":"62","x":37,"y":14},{"id":"63","x":38,"y":14},{"id":"64","x":39,"y":14},{"id":"79","x":37,"y":15},{"id":"80","x":38,"y":15},{"id":"81","x":39,"y":15},{"id":"68","x":16,"y":15},{"id":"68","x":9,"y":12},{"id":"61","x":6,"y":12},{"id":"56","x":7,"y":12},{"id":"68","x":6,"y":13},{"id":"61","x":11,"y":12},{"id":"56","x":12,"y":12},{"id":"68","x":11,"y":13},{"id":"9","x":12,"y":13},{"id":"61","x":17,"y":12},{"id":"56","x":18,"y":12},{"id":"68","x":17,"y":13},{"id":"9","x":18,"y":13},{"id":"61","x":21,"y":12},{"id":"68","x":21,"y":13},{"id":"9","x":22,"y":13},{"id":"68","x":26,"y":13},{"id":"9","x":27,"y":13},{"id":"82","x":23,"y":8},{"id":"58","x":22,"y":10},{"id":"59","x":22,"y":11},{"id":"50","x":23,"y":11},{"id":"60","x":22,"y":12},{"id":"53","x":23,"y":12},{"id":"57","x":24,"y":9},{"id":"58","x":24,"y":10},{"id":"59","x":24,"y":11},{"id":"50","x":25,"y":11},{"id":"60","x":24,"y":12},{"id":"53","x":25,"y":12},{"id":"83","x":26,"y":8},{"id":"82","x":27,"y":8},{"id":"42","x":27,"y":9},{"id":"58","x":26,"y":10},{"id":"46","x":27,"y":10},{"id":"59","x":26,"y":11},{"id":"50","x":27,"y":11},{"id":"60","x":26,"y":12},{"id":"53","x":27,"y":12},{"id":"72","x":23,"y":7},{"id":"72","x":25,"y":7},{"id":"72","x":26,"y":7},{"id":"72","x":27,"y":7},{"id":"72","x":24,"y":8},{"id":"72","x":23,"y":10},{"id":"72","x":22,"y":9},{"id":"72","x":25,"y":9},{"id":"79","x":22,"y":7},{"id":"79","x":22,"y":8},{"id":"79","x":24,"y":7},{"id":"79","x":23,"y":9},{"id":"79","x":25,"y":8},{"id":"79","x":26,"y":9},{"id":"79","x":25,"y":10},{"id":"79","x":12,"y":14},{"id":"79","x":11,"y":14},{"id":"79","x":12,"y":15},{"id":"79","x":11,"y":15},{"id":"72","x":3,"y":12},{"id":"72","x":4,"y":12},{"id":"72","x":6,"y":14},{"id":"72","x":6,"y":15},{"id":"72","x":7,"y":15},{"id":"72","x":7,"y":13},{"id":"72","x":7,"y":14},{"id":"72","x":8,"y":12},{"id":"72","x":10,"y":12},{"id":"72","x":13,"y":12},{"id":"72","x":14,"y":12},{"id":"72","x":15,"y":12},{"id":"72","x":16,"y":12},{"id":"72","x":16,"y":13},{"id":"72","x":16,"y":14},{"id":"72","x":17,"y":14},{"id":"72","x":17,"y":15},{"id":"72","x":19,"y":12},{"id":"72","x":20,"y":12},{"id":"72","x":22,"y":14},{"id":"72","x":22,"y":15},{"id":"72","x":21,"y":15},{"id":"72","x":21,"y":14},{"id":"72","x":27,"y":16},{"id":"72","x":26,"y":16},{"id":"72","x":34,"y":12},{"id":"72","x":35,"y":12},{"id":"72","x":36,"y":12},{"id":"72","x":37,"y":12},{"id":"72","x":38,"y":12},{"id":"72","x":39,"y":12},{"id":"72","x":38,"y":16},{"id":"72","x":37,"y":16},{"id":"72","x":36,"y":16},{"id":"72","x":36,"y":15},{"id":"72","x":36,"y":14},{"id":"72","x":36,"y":13},{"id":"72","x":35,"y":13},{"id":"72","x":34,"y":13},{"id":"72","x":31,"y":14},{"id":"72","x":32,"y":14},{"id":"62","x":31,"y":12},{"id":"63","x":32,"y":12},{"id":"64","x":33,"y":12},{"id":"79","x":31,"y":13},{"id":"80","x":32,"y":13},{"id":"81","x":33,"y":13},{"id":"62","x":28,"y":12},{"id":"63","x":29,"y":12},{"id":"64","x":30,"y":12},{"id":"79","x":28,"y":13},{"id":"80","x":29,"y":13},{"id":"81","x":30,"y":13},{"id":"62","x":26,"y":14},{"id":"63","x":27,"y":14},{"id":"64","x":28,"y":14},{"id":"79","x":26,"y":15},{"id":"80","x":27,"y":15},{"id":"81","x":28,"y":15},{"id":"62","x":31,"y":15},{"id":"63","x":32,"y":15},{"id":"64","x":33,"y":15},{"id":"79","x":31,"y":16},{"id":"80","x":32,"y":16},{"id":"81","x":33,"y":16},{"id":"65","x":1,"y":7},{"id":"72","x":12,"y":8},{"id":"72","x":13,"y":8},{"id":"72","x":14,"y":8},{"id":"65","x":12,"y":9},{"id":"65","x":14,"y":9},{"id":"65","x":13,"y":9},{"id":"72","x":11,"y":10},{"id":"72","x":12,"y":10},{"id":"72","x":13,"y":10},{"id":"72","x":14,"y":10},{"id":"72","x":15,"y":10},{"id":"77","x":11,"y":11},{"id":"77","x":12,"y":11},{"id":"77","x":13,"y":11},{"id":"77","x":14,"y":11},{"id":"77","x":15,"y":11},{"id":"71","x":11,"y":9},{"id":"71","x":15,"y":9},{"id":"70","x":8,"y":18},{"id":"70","x":8,"y":17},{"id":"67","x":8,"y":16},{"id":"84","x":9,"y":16},{"id":"85","x":9,"y":17},{"id":"86","x":10,"y":17},{"id":"87","x":10,"y":16},{"id":"72","x":11,"y":17},{"id":"72","x":11,"y":16},{"id":"69","x":12,"y":18},{"id":"69","x":12,"y":17},{"id":"66","x":12,"y":16},{"id":"65","x":9,"y":19},{"id":"65","x":10,"y":19},{"id":"65","x":11,"y":19},{"id":"72","x":11,"y":18},{"id":"72","x":10,"y":18},{"id":"72","x":9,"y":18},{"id":"72","x":0,"y":19},{"id":"72","x":0,"y":20},{"id":"72","x":1,"y":20},{"id":"72","x":2,"y":20},{"id":"72","x":3,"y":20},{"id":"72","x":4,"y":20},{"id":"72","x":5,"y":20},{"id":"72","x":6,"y":20},{"id":"72","x":7,"y":20},{"id":"72","x":8,"y":20},{"id":"72","x":8,"y":19},{"id":"72","x":7,"y":19},{"id":"72","x":6,"y":19},{"id":"72","x":5,"y":19},{"id":"72","x":4,"y":19},{"id":"72","x":3,"y":19},{"id":"72","x":2,"y":19},{"id":"72","x":1,"y":19},{"id":"72","x":9,"y":20},{"id":"72","x":10,"y":20},{"id":"72","x":11,"y":20},{"id":"72","x":33,"y":20},{"id":"72","x":32,"y":20},{"id":"72","x":31,"y":20},{"id":"72","x":30,"y":20},{"id":"72","x":29,"y":20},{"id":"72","x":28,"y":20},{"id":"72","x":27,"y":20},{"id":"72","x":26,"y":20},{"id":"72","x":25,"y":20},{"id":"72","x":24,"y":20},{"id":"72","x":23,"y":20},{"id":"72","x":22,"y":20},{"id":"72","x":21,"y":20},{"id":"72","x":20,"y":20},{"id":"72","x":19,"y":20},{"id":"72","x":18,"y":20},{"id":"72","x":17,"y":20},{"id":"72","x":16,"y":20},{"id":"72","x":15,"y":20},{"id":"72","x":14,"y":20},{"id":"72","x":13,"y":20},{"id":"72","x":12,"y":20},{"id":"72","x":12,"y":19},{"id":"72","x":13,"y":19},{"id":"72","x":14,"y":19},{"id":"72","x":15,"y":19},{"id":"72","x":16,"y":19},{"id":"72","x":17,"y":19},{"id":"72","x":18,"y":19},{"id":"72","x":19,"y":19},{"id":"72","x":20,"y":19},{"id":"72","x":21,"y":19},{"id":"72","x":22,"y":19},{"id":"72","x":23,"y":19},{"id":"72","x":24,"y":19},{"id":"72","x":25,"y":19},{"id":"72","x":26,"y":19},{"id":"72","x":27,"y":19},{"id":"72","x":28,"y":19},{"id":"72","x":29,"y":19},{"id":"72","x":30,"y":19},{"id":"72","x":31,"y":19},{"id":"72","x":32,"y":19},{"id":"72","x":34,"y":20},{"id":"72","x":35,"y":20},{"id":"72","x":36,"y":20},{"id":"72","x":37,"y":20},{"id":"72","x":42,"y":19},{"id":"72","x":41,"y":19},{"id":"72","x":40,"y":19},{"id":"72","x":39,"y":19},{"id":"72","x":38,"y":19},{"id":"72","x":37,"y":19},{"id":"72","x":36,"y":19},{"id":"72","x":35,"y":19},{"id":"72","x":34,"y":19},{"id":"72","x":33,"y":19},{"id":"72","x":38,"y":20},{"id":"72","x":39,"y":20},{"id":"72","x":40,"y":20},{"id":"72","x":41,"y":20},{"id":"72","x":42,"y":20},{"id":"68","x":5,"y":12},{"id":"13","x":5,"y":13}],"collider":false}]}